<?xml version="1.0" encoding="UTF-8"?>
<GenRun Id="synth_1" LaunchPart="xc7a35tcpg236-1" LaunchTime="1521216764">
  <File Type="RDS-PROPCONSTRS" Name="RAT_wrapper_drc_synth.rpt"/>
  <File Type="PA-TCL" Name="RAT_wrapper.tcl"/>
  <File Type="RDS-RDS" Name="RAT_wrapper.vds"/>
  <File Type="RDS-UTIL" Name="RAT_wrapper_utilization_synth.rpt"/>
  <File Type="RDS-UTIL-PB" Name="RAT_wrapper_utilization_synth.pb"/>
  <File Type="RDS-DCP" Name="RAT_wrapper.dcp"/>
  <File Type="VDS-TIMINGSUMMARY" Name="RAT_wrapper_timing_summary_synth.rpt"/>
  <File Type="VDS-TIMING-PB" Name="RAT_wrapper_timing_summary_synth.pb"/>
  <FileSet Name="sources" Type="DesignSrcs" RelSrcDir="$PSRCDIR/sources_1">
    <Filter Type="Srcs"/>
    <File Path="$PSRCDIR/sources_1/imports/Rat5 Example/MCU/MCU.srcs/sources_1/new/ALU.vhd">
      <FileInfo>
        <Attr Name="ImportPath" Val="$PPRDIR/../../../Rat5 Example/MCU/MCU.srcs/sources_1/new/ALU.vhd"/>
        <Attr Name="ImportTime" Val="1518830386"/>
        <Attr Name="UsedIn" Val="synthesis"/>
        <Attr Name="UsedIn" Val="simulation"/>
      </FileInfo>
    </File>
    <File Path="$PSRCDIR/sources_1/imports/Rat5 Example/MCU/MCU.srcs/sources_1/new/ALUMAIN.vhd">
      <FileInfo>
        <Attr Name="ImportPath" Val="$PPRDIR/../../../Rat5 Example/MCU/MCU.srcs/sources_1/new/ALUMAIN.vhd"/>
        <Attr Name="ImportTime" Val="1518831598"/>
        <Attr Name="UsedIn" Val="synthesis"/>
        <Attr Name="UsedIn" Val="simulation"/>
      </FileInfo>
    </File>
    <File Path="$PSRCDIR/sources_1/imports/Rat5 Example/MCU/MCU.srcs/sources_1/new/ALUMUX.vhd">
      <FileInfo>
        <Attr Name="ImportPath" Val="$PPRDIR/../../../Rat5 Example/MCU/MCU.srcs/sources_1/new/ALUMUX.vhd"/>
        <Attr Name="ImportTime" Val="1518138532"/>
        <Attr Name="UsedIn" Val="synthesis"/>
        <Attr Name="UsedIn" Val="simulation"/>
      </FileInfo>
    </File>
    <File Path="$PSRCDIR/sources_1/imports/Rat5 Example/MCU/MCU.srcs/sources_1/new/CU.vhd">
      <FileInfo>
        <Attr Name="ImportPath" Val="$PPRDIR/../../../Rat5 Example/MCU/MCU.srcs/sources_1/new/CU.vhd"/>
        <Attr Name="ImportTime" Val="1520131448"/>
        <Attr Name="UsedIn" Val="synthesis"/>
        <Attr Name="UsedIn" Val="simulation"/>
      </FileInfo>
    </File>
    <File Path="$PSRCDIR/sources_1/imports/Rat5 Example/MCU/MCU.srcs/sources_1/new/Flag.vhd">
      <FileInfo>
        <Attr Name="ImportPath" Val="$PPRDIR/../../../Rat5 Example/MCU/MCU.srcs/sources_1/new/Flag.vhd"/>
        <Attr Name="ImportTime" Val="1520297382"/>
        <Attr Name="UsedIn" Val="synthesis"/>
        <Attr Name="UsedIn" Val="simulation"/>
      </FileInfo>
    </File>
    <File Path="$PSRCDIR/sources_1/imports/Rat5 Example/MCU/MCU.srcs/sources_1/new/Interrupt.vhd">
      <FileInfo>
        <Attr Name="ImportPath" Val="$PPRDIR/../../../Rat5 Example/MCU/MCU.srcs/sources_1/new/Interrupt.vhd"/>
        <Attr Name="ImportTime" Val="1520132112"/>
        <Attr Name="UsedIn" Val="synthesis"/>
        <Attr Name="UsedIn" Val="simulation"/>
      </FileInfo>
    </File>
    <File Path="$PSRCDIR/sources_1/imports/Rat5 Example/MCU/MCU.srcs/sources_1/new/MAIN_SCR.vhd">
      <FileInfo>
        <Attr Name="ImportPath" Val="$PPRDIR/../../../Rat5 Example/MCU/MCU.srcs/sources_1/new/MAIN_SCR.vhd"/>
        <Attr Name="ImportTime" Val="1519344952"/>
        <Attr Name="UsedIn" Val="synthesis"/>
        <Attr Name="UsedIn" Val="simulation"/>
      </FileInfo>
    </File>
    <File Path="$PSRCDIR/sources_1/imports/Rat5 Example/MCU/MCU.srcs/sources_1/new/MCU.vhd">
      <FileInfo>
        <Attr Name="ImportPath" Val="$PPRDIR/../../../Rat5 Example/MCU/MCU.srcs/sources_1/new/MCU.vhd"/>
        <Attr Name="ImportTime" Val="1520132404"/>
        <Attr Name="UsedIn" Val="synthesis"/>
        <Attr Name="UsedIn" Val="simulation"/>
      </FileInfo>
    </File>
    <File Path="$PSRCDIR/sources_1/imports/Rat5 Example/MCU/MCU.srcs/sources_1/new/PC.vhd">
      <FileInfo>
        <Attr Name="ImportPath" Val="$PPRDIR/../../../Rat5 Example/MCU/MCU.srcs/sources_1/new/PC.vhd"/>
        <Attr Name="ImportTime" Val="1520131542"/>
        <Attr Name="UsedIn" Val="synthesis"/>
        <Attr Name="UsedIn" Val="simulation"/>
      </FileInfo>
    </File>
    <File Path="$PSRCDIR/sources_1/imports/Rat5 Example/MCU/MCU.srcs/sources_1/new/PCMAIN.vhd">
      <FileInfo>
        <Attr Name="ImportPath" Val="$PPRDIR/../../../Rat5 Example/MCU/MCU.srcs/sources_1/new/PCMAIN.vhd"/>
        <Attr Name="ImportTime" Val="1518136260"/>
        <Attr Name="UsedIn" Val="synthesis"/>
        <Attr Name="UsedIn" Val="simulation"/>
      </FileInfo>
    </File>
    <File Path="$PSRCDIR/sources_1/imports/Rat5 Example/MCU/MCU.srcs/sources_1/new/PCMUX.vhd">
      <FileInfo>
        <Attr Name="ImportPath" Val="$PPRDIR/../../../Rat5 Example/MCU/MCU.srcs/sources_1/new/PCMUX.vhd"/>
        <Attr Name="ImportTime" Val="1518136522"/>
        <Attr Name="UsedIn" Val="synthesis"/>
        <Attr Name="UsedIn" Val="simulation"/>
      </FileInfo>
    </File>
    <File Path="$PSRCDIR/sources_1/imports/Rat5 Example/MCU/MCU.srcs/sources_1/new/PROG_ROM.vhd">
      <FileInfo>
        <Attr Name="ImportPath" Val="$PPRDIR/../../../Rat5 Example/MCU/MCU.srcs/sources_1/new/PROG_ROM.vhd"/>
        <Attr Name="ImportTime" Val="1520443720"/>
        <Attr Name="UsedIn" Val="synthesis"/>
        <Attr Name="UsedIn" Val="simulation"/>
      </FileInfo>
    </File>
    <File Path="$PSRCDIR/sources_1/new/RAT_MCU_V.vhd">
      <FileInfo>
        <Attr Name="ImportPath" Val="$PPRDIR/../../../final_copy/final_copy.srcs/sources_1/new/RAT_MCU_V.vhd"/>
        <Attr Name="ImportTime" Val="1521187060"/>
        <Attr Name="UsedIn" Val="synthesis"/>
        <Attr Name="UsedIn" Val="simulation"/>
      </FileInfo>
    </File>
    <File Path="$PSRCDIR/sources_1/imports/Rat5 Example/MCU/MCU.srcs/sources_1/new/RF.vhd">
      <FileInfo>
        <Attr Name="ImportPath" Val="$PPRDIR/../../../Rat5 Example/MCU/MCU.srcs/sources_1/new/RF.vhd"/>
        <Attr Name="ImportTime" Val="1518138048"/>
        <Attr Name="UsedIn" Val="synthesis"/>
        <Attr Name="UsedIn" Val="simulation"/>
      </FileInfo>
    </File>
    <File Path="$PSRCDIR/sources_1/imports/Rat5 Example/MCU/MCU.srcs/sources_1/new/RFMAIN.vhd">
      <FileInfo>
        <Attr Name="ImportPath" Val="$PPRDIR/../../../Rat5 Example/MCU/MCU.srcs/sources_1/new/RFMAIN.vhd"/>
        <Attr Name="ImportTime" Val="1518137832"/>
        <Attr Name="UsedIn" Val="synthesis"/>
        <Attr Name="UsedIn" Val="simulation"/>
      </FileInfo>
    </File>
    <File Path="$PSRCDIR/sources_1/imports/Rat5 Example/MCU/MCU.srcs/sources_1/new/RFMUX.vhd">
      <FileInfo>
        <Attr Name="ImportPath" Val="$PPRDIR/../../../Rat5 Example/MCU/MCU.srcs/sources_1/new/RFMUX.vhd"/>
        <Attr Name="ImportTime" Val="1518137938"/>
        <Attr Name="UsedIn" Val="synthesis"/>
        <Attr Name="UsedIn" Val="simulation"/>
      </FileInfo>
    </File>
    <File Path="$PSRCDIR/sources_1/imports/Rat5 Example/MCU/MCU.srcs/sources_1/new/SCR.vhd">
      <FileInfo>
        <Attr Name="ImportPath" Val="$PPRDIR/../../../Rat5 Example/MCU/MCU.srcs/sources_1/new/SCR.vhd"/>
        <Attr Name="ImportTime" Val="1518829810"/>
        <Attr Name="UsedIn" Val="synthesis"/>
        <Attr Name="UsedIn" Val="simulation"/>
      </FileInfo>
    </File>
    <File Path="$PSRCDIR/sources_1/imports/Rat5 Example/MCU/MCU.srcs/sources_1/new/SCRMUX.vhd">
      <FileInfo>
        <Attr Name="ImportPath" Val="$PPRDIR/../../../Rat5 Example/MCU/MCU.srcs/sources_1/new/SCRMUX.vhd"/>
        <Attr Name="ImportTime" Val="1518830466"/>
        <Attr Name="UsedIn" Val="synthesis"/>
        <Attr Name="UsedIn" Val="simulation"/>
      </FileInfo>
    </File>
    <File Path="$PSRCDIR/sources_1/imports/Rat5 Example/MCU/MCU.srcs/sources_1/new/SCRMUX2.vhd">
      <FileInfo>
        <Attr Name="ImportPath" Val="$PPRDIR/../../../Rat5 Example/MCU/MCU.srcs/sources_1/new/SCRMUX2.vhd"/>
        <Attr Name="ImportTime" Val="1519344532"/>
        <Attr Name="UsedIn" Val="synthesis"/>
        <Attr Name="UsedIn" Val="simulation"/>
      </FileInfo>
    </File>
    <File Path="$PSRCDIR/sources_1/imports/Rat5 Example/MCU/MCU.srcs/sources_1/new/SP.vhd">
      <FileInfo>
        <Attr Name="ImportPath" Val="$PPRDIR/../../../Rat5 Example/MCU/MCU.srcs/sources_1/new/SP.vhd"/>
        <Attr Name="ImportTime" Val="1520131596"/>
        <Attr Name="UsedIn" Val="synthesis"/>
        <Attr Name="UsedIn" Val="simulation"/>
      </FileInfo>
    </File>
    <File Path="$PSRCDIR/sources_1/imports/new/Speaker.vhd">
      <FileInfo>
        <Attr Name="ImportPath" Val="C:/Users/gerom/Documents/California Polytechnic State University- San Luis Obispo/CPE/233/HW2/Speaker_Driver/Speaker_Driver.srcs/sources_1/new/Speaker.vhd"/>
        <Attr Name="ImportTime" Val="1517885784"/>
        <Attr Name="UsedIn" Val="synthesis"/>
        <Attr Name="UsedIn" Val="simulation"/>
      </FileInfo>
    </File>
    <File Path="$PSRCDIR/sources_1/imports/new/VGAdrive.vhd">
      <FileInfo>
        <Attr Name="ImportPath" Val="C:/Users/gerom/Documents/California Polytechnic State University- San Luis Obispo/CPE/233 - Computer Design and Assembly Language Programming/Final/FinalVisual/Final_Visual.srcs/sources_1/new/VGAdrive.vhd"/>
        <Attr Name="ImportTime" Val="1520466344"/>
        <Attr Name="UsedIn" Val="synthesis"/>
        <Attr Name="UsedIn" Val="simulation"/>
      </FileInfo>
    </File>
    <File Path="$PSRCDIR/sources_1/new/prog_rom_v.vhd">
      <FileInfo>
        <Attr Name="ImportPath" Val="$PPRDIR/../../../final_copy/final_copy.srcs/sources_1/new/prog_rom_v.vhd"/>
        <Attr Name="ImportTime" Val="1521186832"/>
        <Attr Name="UsedIn" Val="synthesis"/>
        <Attr Name="UsedIn" Val="simulation"/>
      </FileInfo>
    </File>
    <File Path="$PSRCDIR/sources_1/imports/new/ram2k_8.vhd">
      <FileInfo>
        <Attr Name="ImportPath" Val="C:/Users/gerom/Documents/California Polytechnic State University- San Luis Obispo/CPE/233 - Computer Design and Assembly Language Programming/Final/FinalVisual/Final_Visual.srcs/sources_1/new/ram2k_8.vhd"/>
        <Attr Name="ImportTime" Val="1520466388"/>
        <Attr Name="UsedIn" Val="synthesis"/>
        <Attr Name="UsedIn" Val="simulation"/>
      </FileInfo>
    </File>
    <File Path="$PSRCDIR/sources_1/imports/Rat5 Example/MCU/MCU.srcs/sources_1/new/sseg_dec.vhd">
      <FileInfo>
        <Attr Name="ImportPath" Val="$PPRDIR/../../../Rat5 Example/MCU/MCU.srcs/sources_1/new/sseg_dec.vhd"/>
        <Attr Name="ImportTime" Val="1519596898"/>
        <Attr Name="UsedIn" Val="synthesis"/>
        <Attr Name="UsedIn" Val="simulation"/>
      </FileInfo>
    </File>
    <File Path="$PSRCDIR/sources_1/imports/new/vgaDriverBuffer.vhd">
      <FileInfo>
        <Attr Name="ImportPath" Val="C:/Users/gerom/Documents/California Polytechnic State University- San Luis Obispo/CPE/233 - Computer Design and Assembly Language Programming/Final/FinalVisual/Final_Visual.srcs/sources_1/new/vgaDriverBuffer.vhd"/>
        <Attr Name="ImportTime" Val="1520466372"/>
        <Attr Name="UsedIn" Val="synthesis"/>
        <Attr Name="UsedIn" Val="simulation"/>
      </FileInfo>
    </File>
    <File Path="$PSRCDIR/sources_1/imports/new/vga_clk_div.vhd">
      <FileInfo>
        <Attr Name="ImportPath" Val="C:/Users/gerom/Documents/California Polytechnic State University- San Luis Obispo/CPE/233 - Computer Design and Assembly Language Programming/Final/FinalVisual/Final_Visual.srcs/sources_1/new/vga_clk_div.vhd"/>
        <Attr Name="ImportTime" Val="1520466358"/>
        <Attr Name="UsedIn" Val="synthesis"/>
        <Attr Name="UsedIn" Val="simulation"/>
      </FileInfo>
    </File>
    <File Path="$PSRCDIR/sources_1/imports/hw4/hw4.srcs/sources_1/new/RAT_wrapper.vhd">
      <FileInfo>
        <Attr Name="ImportPath" Val="$PPRDIR/../../../hw4/hw4.srcs/sources_1/new/RAT_wrapper.vhd"/>
        <Attr Name="ImportTime" Val="1520271224"/>
        <Attr Name="UsedIn" Val="synthesis"/>
        <Attr Name="UsedIn" Val="simulation"/>
      </FileInfo>
    </File>
    <Config>
      <Option Name="DesignMode" Val="RTL"/>
      <Option Name="TopModule" Val="RAT_wrapper"/>
      <Option Name="TopAutoSet" Val="TRUE"/>
    </Config>
  </FileSet>
  <FileSet Name="constrs_in" Type="Constrs" RelSrcDir="$PSRCDIR/constrs_1">
    <Filter Type="Constrs"/>
    <File Path="$PSRCDIR/constrs_1/imports/new/Constraints.xdc">
      <FileInfo>
        <Attr Name="ImportPath" Val="$PPRDIR/../../../Rat5 Example/MCU/MCU.srcs/constrs_1/new/Constraints.xdc"/>
        <Attr Name="ImportTime" Val="1520443722"/>
        <Attr Name="UsedIn" Val="synthesis"/>
        <Attr Name="UsedIn" Val="implementation"/>
      </FileInfo>
    </File>
    <Config>
      <Option Name="ConstrsType" Val="XDC"/>
    </Config>
  </FileSet>
  <Strategy Version="1" Minor="2">
    <StratHandle Name="Vivado Synthesis Defaults" Flow="Vivado Synthesis 2017"/>
    <Step Id="synth_design"/>
  </Strategy>
</GenRun>
