<?xml version="1.0" encoding="UTF-8"?>
<GenRun Id="impl_1" LaunchPart="xc7a35tcpg236-1" LaunchTime="1521216764">
  <File Type="PWROPT-DRC" Name="RAT_wrapper_drc_pwropted.rpt"/>
  <File Type="OPT-METHODOLOGY-DRC" Name="RAT_wrapper_methodology_drc_opted.rpt"/>
  <File Type="INIT-TIMING" Name="RAT_wrapper_timing_summary_init.rpt"/>
  <File Type="ROUTE-PWR-RPX" Name="RAT_wrapper_power_routed.rpx"/>
  <File Type="PA-TCL" Name="RAT_wrapper.tcl"/>
  <File Type="OPT-HWDEF" Name="RAT_wrapper.hwdef"/>
  <File Type="RDI-RDI" Name="RAT_wrapper.vdi"/>
  <File Type="OPT-DCP" Name="RAT_wrapper_opt.dcp"/>
  <File Type="OPT-DRC" Name="RAT_wrapper_drc_opted.rpt"/>
  <File Type="OPT-TIMING" Name="RAT_wrapper_timing_summary_opted.rpt"/>
  <File Type="PWROPT-DCP" Name="RAT_wrapper_pwropt.dcp"/>
  <File Type="PWROPT-TIMING" Name="RAT_wrapper_timing_summary_pwropted.rpt"/>
  <File Type="PLACE-DCP" Name="RAT_wrapper_placed.dcp"/>
  <File Type="PLACE-IO" Name="RAT_wrapper_io_placed.rpt"/>
  <File Type="PLACE-CLK" Name="RAT_wrapper_clock_utilization_placed.rpt"/>
  <File Type="PLACE-UTIL" Name="RAT_wrapper_utilization_placed.rpt"/>
  <File Type="PLACE-UTIL-PB" Name="RAT_wrapper_utilization_placed.pb"/>
  <File Type="PLACE-CTRL" Name="RAT_wrapper_control_sets_placed.rpt"/>
  <File Type="PLACE-SIMILARITY" Name="RAT_wrapper_incremental_reuse_placed.rpt"/>
  <File Type="PLACE-PRE-SIMILARITY" Name="RAT_wrapper_incremental_reuse_pre_placed.rpt"/>
  <File Type="PLACE-TIMING" Name="RAT_wrapper_timing_summary_placed.rpt"/>
  <File Type="POSTPLACE-PWROPT-DCP" Name="RAT_wrapper_postplace_pwropt.dcp"/>
  <File Type="POSTPLACE-PWROPT-TIMING" Name="RAT_wrapper_timing_summary_postplace_pwropted.rpt"/>
  <File Type="PHYSOPT-DCP" Name="RAT_wrapper_physopt.dcp"/>
  <File Type="PHYSOPT-DRC" Name="RAT_wrapper_drc_physopted.rpt"/>
  <File Type="PHYSOPT-TIMING" Name="RAT_wrapper_timing_summary_physopted.rpt"/>
  <File Type="ROUTE-ERROR-DCP" Name="RAT_wrapper_routed_error.dcp"/>
  <File Type="ROUTE-DCP" Name="RAT_wrapper_routed.dcp"/>
  <File Type="ROUTE-BLACKBOX-DCP" Name="RAT_wrapper_routed_bb.dcp"/>
  <File Type="ROUTE-DRC" Name="RAT_wrapper_drc_routed.rpt"/>
  <File Type="ROUTE-DRC-PB" Name="RAT_wrapper_drc_routed.pb"/>
  <File Type="BG-BIN" Name="RAT_wrapper.bin"/>
  <File Type="ROUTE-DRC-RPX" Name="RAT_wrapper_drc_routed.rpx"/>
  <File Type="BG-DRC" Name="RAT_wrapper.drc"/>
  <File Type="ROUTE-METHODOLOGY-DRC" Name="RAT_wrapper_methodology_drc_routed.rpt"/>
  <File Type="BITSTR-MSK" Name="RAT_wrapper.msk"/>
  <File Type="ROUTE-METHODOLOGY-DRC-RPX" Name="RAT_wrapper_methodology_drc_routed.rpx"/>
  <File Type="BG-BGN" Name="RAT_wrapper.bgn"/>
  <File Type="ROUTE-METHODOLOGY-DRC-PB" Name="RAT_wrapper_methodology_drc_routed.pb"/>
  <File Type="ROUTE-PWR" Name="RAT_wrapper_power_routed.rpt"/>
  <File Type="ROUTE-PWR-SUM" Name="RAT_wrapper_power_summary_routed.pb"/>
  <File Type="ROUTE-STATUS" Name="RAT_wrapper_route_status.rpt"/>
  <File Type="ROUTE-STATUS-PB" Name="RAT_wrapper_route_status.pb"/>
  <File Type="ROUTE-TIMINGSUMMARY" Name="RAT_wrapper_timing_summary_routed.rpt"/>
  <File Type="ROUTE-TIMING-PB" Name="RAT_wrapper_timing_summary_routed.pb"/>
  <File Type="ROUTE-TIMING-RPX" Name="RAT_wrapper_timing_summary_routed.rpx"/>
  <File Type="ROUTE-SIMILARITY" Name="RAT_wrapper_incremental_reuse_routed.rpt"/>
  <File Type="ROUTE-CLK" Name="RAT_wrapper_clock_utilization_routed.rpt"/>
  <File Type="POSTROUTE-PHYSOPT-DCP" Name="RAT_wrapper_postroute_physopt.dcp"/>
  <File Type="POSTROUTE-PHYSOPT-BLACKBOX-DCP" Name="RAT_wrapper_postroute_physopt_bb.dcp"/>
  <File Type="POSTROUTE-PHYSOPT-TIMING" Name="RAT_wrapper_timing_summary_postroute_physopted.rpt"/>
  <File Type="POSTROUTE-PHYSOPT-TIMING-PB" Name="RAT_wrapper_timing_summary_postroute_physopted.pb"/>
  <File Type="POSTROUTE-PHYSOPT-TIMING-RPX" Name="RAT_wrapper_timing_summary_postroute_physopted.rpx"/>
  <File Type="BG-BIT" Name="RAT_wrapper.bit"/>
  <File Type="BITSTR-RBT" Name="RAT_wrapper.rbt"/>
  <File Type="BITSTR-NKY" Name="RAT_wrapper.nky"/>
  <File Type="BITSTR-BMM" Name="RAT_wrapper_bd.bmm"/>
  <File Type="BITSTR-MMI" Name="RAT_wrapper.mmi"/>
  <File Type="BITSTR-SYSDEF" Name="RAT_wrapper.sysdef"/>
  <File Type="WBT-USG" Name="usage_statistics_webtalk.html"/>
  <FileSet Name="sources" Type="DesignSrcs" RelSrcDir="$PSRCDIR/sources_1">
    <Filter Type="Srcs"/>
    <File Path="$PSRCDIR/sources_1/imports/Rat5 Example/MCU/MCU.srcs/sources_1/new/ALU.vhd">
      <FileInfo>
        <Attr Name="ImportPath" Val="$PPRDIR/../../../Rat5 Example/MCU/MCU.srcs/sources_1/new/ALU.vhd"/>
        <Attr Name="ImportTime" Val="1518830386"/>
        <Attr Name="UsedIn" Val="synthesis"/>
        <Attr Name="UsedIn" Val="simulation"/>
      </FileInfo>
    </File>
    <File Path="$PSRCDIR/sources_1/imports/Rat5 Example/MCU/MCU.srcs/sources_1/new/ALUMAIN.vhd">
      <FileInfo>
        <Attr Name="ImportPath" Val="$PPRDIR/../../../Rat5 Example/MCU/MCU.srcs/sources_1/new/ALUMAIN.vhd"/>
        <Attr Name="ImportTime" Val="1518831598"/>
        <Attr Name="UsedIn" Val="synthesis"/>
        <Attr Name="UsedIn" Val="simulation"/>
      </FileInfo>
    </File>
    <File Path="$PSRCDIR/sources_1/imports/Rat5 Example/MCU/MCU.srcs/sources_1/new/ALUMUX.vhd">
      <FileInfo>
        <Attr Name="ImportPath" Val="$PPRDIR/../../../Rat5 Example/MCU/MCU.srcs/sources_1/new/ALUMUX.vhd"/>
        <Attr Name="ImportTime" Val="1518138532"/>
        <Attr Name="UsedIn" Val="synthesis"/>
        <Attr Name="UsedIn" Val="simulation"/>
      </FileInfo>
    </File>
    <File Path="$PSRCDIR/sources_1/imports/Rat5 Example/MCU/MCU.srcs/sources_1/new/CU.vhd">
      <FileInfo>
        <Attr Name="ImportPath" Val="$PPRDIR/../../../Rat5 Example/MCU/MCU.srcs/sources_1/new/CU.vhd"/>
        <Attr Name="ImportTime" Val="1520131448"/>
        <Attr Name="UsedIn" Val="synthesis"/>
        <Attr Name="UsedIn" Val="simulation"/>
      </FileInfo>
    </File>
    <File Path="$PSRCDIR/sources_1/imports/Rat5 Example/MCU/MCU.srcs/sources_1/new/Flag.vhd">
      <FileInfo>
        <Attr Name="ImportPath" Val="$PPRDIR/../../../Rat5 Example/MCU/MCU.srcs/sources_1/new/Flag.vhd"/>
        <Attr Name="ImportTime" Val="1520297382"/>
        <Attr Name="UsedIn" Val="synthesis"/>
        <Attr Name="UsedIn" Val="simulation"/>
      </FileInfo>
    </File>
    <File Path="$PSRCDIR/sources_1/imports/Rat5 Example/MCU/MCU.srcs/sources_1/new/Interrupt.vhd">
      <FileInfo>
        <Attr Name="ImportPath" Val="$PPRDIR/../../../Rat5 Example/MCU/MCU.srcs/sources_1/new/Interrupt.vhd"/>
        <Attr Name="ImportTime" Val="1520132112"/>
        <Attr Name="UsedIn" Val="synthesis"/>
        <Attr Name="UsedIn" Val="simulation"/>
      </FileInfo>
    </File>
    <File Path="$PSRCDIR/sources_1/imports/Rat5 Example/MCU/MCU.srcs/sources_1/new/MAIN_SCR.vhd">
      <FileInfo>
        <Attr Name="ImportPath" Val="$PPRDIR/../../../Rat5 Example/MCU/MCU.srcs/sources_1/new/MAIN_SCR.vhd"/>
        <Attr Name="ImportTime" Val="1519344952"/>
        <Attr Name="UsedIn" Val="synthesis"/>
        <Attr Name="UsedIn" Val="simulation"/>
      </FileInfo>
    </File>
    <File Path="$PSRCDIR/sources_1/imports/Rat5 Example/MCU/MCU.srcs/sources_1/new/MCU.vhd">
      <FileInfo>
        <Attr Name="ImportPath" Val="$PPRDIR/../../../Rat5 Example/MCU/MCU.srcs/sources_1/new/MCU.vhd"/>
        <Attr Name="ImportTime" Val="1520132404"/>
        <Attr Name="UsedIn" Val="synthesis"/>
        <Attr Name="UsedIn" Val="simulation"/>
      </FileInfo>
    </File>
    <File Path="$PSRCDIR/sources_1/imports/Rat5 Example/MCU/MCU.srcs/sources_1/new/PC.vhd">
      <FileInfo>
        <Attr Name="ImportPath" Val="$PPRDIR/../../../Rat5 Example/MCU/MCU.srcs/sources_1/new/PC.vhd"/>
        <Attr Name="ImportTime" Val="1520131542"/>
        <Attr Name="UsedIn" Val="synthesis"/>
        <Attr Name="UsedIn" Val="simulation"/>
      </FileInfo>
    </File>
    <File Path="$PSRCDIR/sources_1/imports/Rat5 Example/MCU/MCU.srcs/sources_1/new/PCMAIN.vhd">
      <FileInfo>
        <Attr Name="ImportPath" Val="$PPRDIR/../../../Rat5 Example/MCU/MCU.srcs/sources_1/new/PCMAIN.vhd"/>
        <Attr Name="ImportTime" Val="1518136260"/>
        <Attr Name="UsedIn" Val="synthesis"/>
        <Attr Name="UsedIn" Val="simulation"/>
      </FileInfo>
    </File>
    <File Path="$PSRCDIR/sources_1/imports/Rat5 Example/MCU/MCU.srcs/sources_1/new/PCMUX.vhd">
      <FileInfo>
        <Attr Name="ImportPath" Val="$PPRDIR/../../../Rat5 Example/MCU/MCU.srcs/sources_1/new/PCMUX.vhd"/>
        <Attr Name="ImportTime" Val="1518136522"/>
        <Attr Name="UsedIn" Val="synthesis"/>
        <Attr Name="UsedIn" Val="simulation"/>
      </FileInfo>
    </File>
    <File Path="$PSRCDIR/sources_1/imports/Rat5 Example/MCU/MCU.srcs/sources_1/new/PROG_ROM.vhd">
      <FileInfo>
        <Attr Name="ImportPath" Val="$PPRDIR/../../../Rat5 Example/MCU/MCU.srcs/sources_1/new/PROG_ROM.vhd"/>
        <Attr Name="ImportTime" Val="1520443720"/>
        <Attr Name="UsedIn" Val="synthesis"/>
        <Attr Name="UsedIn" Val="simulation"/>
      </FileInfo>
    </File>
    <File Path="$PSRCDIR/sources_1/new/RAT_MCU_V.vhd">
      <FileInfo>
        <Attr Name="ImportPath" Val="$PPRDIR/../../../final_copy/final_copy.srcs/sources_1/new/RAT_MCU_V.vhd"/>
        <Attr Name="ImportTime" Val="1521187060"/>
        <Attr Name="UsedIn" Val="synthesis"/>
        <Attr Name="UsedIn" Val="simulation"/>
      </FileInfo>
    </File>
    <File Path="$PSRCDIR/sources_1/imports/Rat5 Example/MCU/MCU.srcs/sources_1/new/RF.vhd">
      <FileInfo>
        <Attr Name="ImportPath" Val="$PPRDIR/../../../Rat5 Example/MCU/MCU.srcs/sources_1/new/RF.vhd"/>
        <Attr Name="ImportTime" Val="1518138048"/>
        <Attr Name="UsedIn" Val="synthesis"/>
        <Attr Name="UsedIn" Val="simulation"/>
      </FileInfo>
    </File>
    <File Path="$PSRCDIR/sources_1/imports/Rat5 Example/MCU/MCU.srcs/sources_1/new/RFMAIN.vhd">
      <FileInfo>
        <Attr Name="ImportPath" Val="$PPRDIR/../../../Rat5 Example/MCU/MCU.srcs/sources_1/new/RFMAIN.vhd"/>
        <Attr Name="ImportTime" Val="1518137832"/>
        <Attr Name="UsedIn" Val="synthesis"/>
        <Attr Name="UsedIn" Val="simulation"/>
      </FileInfo>
    </File>
    <File Path="$PSRCDIR/sources_1/imports/Rat5 Example/MCU/MCU.srcs/sources_1/new/RFMUX.vhd">
      <FileInfo>
        <Attr Name="ImportPath" Val="$PPRDIR/../../../Rat5 Example/MCU/MCU.srcs/sources_1/new/RFMUX.vhd"/>
        <Attr Name="ImportTime" Val="1518137938"/>
        <Attr Name="UsedIn" Val="synthesis"/>
        <Attr Name="UsedIn" Val="simulation"/>
      </FileInfo>
    </File>
    <File Path="$PSRCDIR/sources_1/imports/Rat5 Example/MCU/MCU.srcs/sources_1/new/SCR.vhd">
      <FileInfo>
        <Attr Name="ImportPath" Val="$PPRDIR/../../../Rat5 Example/MCU/MCU.srcs/sources_1/new/SCR.vhd"/>
        <Attr Name="ImportTime" Val="1518829810"/>
        <Attr Name="UsedIn" Val="synthesis"/>
        <Attr Name="UsedIn" Val="simulation"/>
      </FileInfo>
    </File>
    <File Path="$PSRCDIR/sources_1/imports/Rat5 Example/MCU/MCU.srcs/sources_1/new/SCRMUX.vhd">
      <FileInfo>
        <Attr Name="ImportPath" Val="$PPRDIR/../../../Rat5 Example/MCU/MCU.srcs/sources_1/new/SCRMUX.vhd"/>
        <Attr Name="ImportTime" Val="1518830466"/>
        <Attr Name="UsedIn" Val="synthesis"/>
        <Attr Name="UsedIn" Val="simulation"/>
      </FileInfo>
    </File>
    <File Path="$PSRCDIR/sources_1/imports/Rat5 Example/MCU/MCU.srcs/sources_1/new/SCRMUX2.vhd">
      <FileInfo>
        <Attr Name="ImportPath" Val="$PPRDIR/../../../Rat5 Example/MCU/MCU.srcs/sources_1/new/SCRMUX2.vhd"/>
        <Attr Name="ImportTime" Val="1519344532"/>
        <Attr Name="UsedIn" Val="synthesis"/>
        <Attr Name="UsedIn" Val="simulation"/>
      </FileInfo>
    </File>
    <File Path="$PSRCDIR/sources_1/imports/Rat5 Example/MCU/MCU.srcs/sources_1/new/SP.vhd">
      <FileInfo>
        <Attr Name="ImportPath" Val="$PPRDIR/../../../Rat5 Example/MCU/MCU.srcs/sources_1/new/SP.vhd"/>
        <Attr Name="ImportTime" Val="1520131596"/>
        <Attr Name="UsedIn" Val="synthesis"/>
        <Attr Name="UsedIn" Val="simulation"/>
      </FileInfo>
    </File>
    <File Path="$PSRCDIR/sources_1/imports/new/Speaker.vhd">
      <FileInfo>
        <Attr Name="ImportPath" Val="C:/Users/gerom/Documents/California Polytechnic State University- San Luis Obispo/CPE/233/HW2/Speaker_Driver/Speaker_Driver.srcs/sources_1/new/Speaker.vhd"/>
        <Attr Name="ImportTime" Val="1517885784"/>
        <Attr Name="UsedIn" Val="synthesis"/>
        <Attr Name="UsedIn" Val="simulation"/>
      </FileInfo>
    </File>
    <File Path="$PSRCDIR/sources_1/imports/new/VGAdrive.vhd">
      <FileInfo>
        <Attr Name="ImportPath" Val="C:/Users/gerom/Documents/California Polytechnic State University- San Luis Obispo/CPE/233 - Computer Design and Assembly Language Programming/Final/FinalVisual/Final_Visual.srcs/sources_1/new/VGAdrive.vhd"/>
        <Attr Name="ImportTime" Val="1520466344"/>
        <Attr Name="UsedIn" Val="synthesis"/>
        <Attr Name="UsedIn" Val="simulation"/>
      </FileInfo>
    </File>
    <File Path="$PSRCDIR/sources_1/new/prog_rom_v.vhd">
      <FileInfo>
        <Attr Name="ImportPath" Val="$PPRDIR/../../../final_copy/final_copy.srcs/sources_1/new/prog_rom_v.vhd"/>
        <Attr Name="ImportTime" Val="1521186832"/>
        <Attr Name="UsedIn" Val="synthesis"/>
        <Attr Name="UsedIn" Val="simulation"/>
      </FileInfo>
    </File>
    <File Path="$PSRCDIR/sources_1/imports/new/ram2k_8.vhd">
      <FileInfo>
        <Attr Name="ImportPath" Val="C:/Users/gerom/Documents/California Polytechnic State University- San Luis Obispo/CPE/233 - Computer Design and Assembly Language Programming/Final/FinalVisual/Final_Visual.srcs/sources_1/new/ram2k_8.vhd"/>
        <Attr Name="ImportTime" Val="1520466388"/>
        <Attr Name="UsedIn" Val="synthesis"/>
        <Attr Name="UsedIn" Val="simulation"/>
      </FileInfo>
    </File>
    <File Path="$PSRCDIR/sources_1/imports/Rat5 Example/MCU/MCU.srcs/sources_1/new/sseg_dec.vhd">
      <FileInfo>
        <Attr Name="ImportPath" Val="$PPRDIR/../../../Rat5 Example/MCU/MCU.srcs/sources_1/new/sseg_dec.vhd"/>
        <Attr Name="ImportTime" Val="1519596898"/>
        <Attr Name="UsedIn" Val="synthesis"/>
        <Attr Name="UsedIn" Val="simulation"/>
      </FileInfo>
    </File>
    <File Path="$PSRCDIR/sources_1/imports/new/vgaDriverBuffer.vhd">
      <FileInfo>
        <Attr Name="ImportPath" Val="C:/Users/gerom/Documents/California Polytechnic State University- San Luis Obispo/CPE/233 - Computer Design and Assembly Language Programming/Final/FinalVisual/Final_Visual.srcs/sources_1/new/vgaDriverBuffer.vhd"/>
        <Attr Name="ImportTime" Val="1520466372"/>
        <Attr Name="UsedIn" Val="synthesis"/>
        <Attr Name="UsedIn" Val="simulation"/>
      </FileInfo>
    </File>
    <File Path="$PSRCDIR/sources_1/imports/new/vga_clk_div.vhd">
      <FileInfo>
        <Attr Name="ImportPath" Val="C:/Users/gerom/Documents/California Polytechnic State University- San Luis Obispo/CPE/233 - Computer Design and Assembly Language Programming/Final/FinalVisual/Final_Visual.srcs/sources_1/new/vga_clk_div.vhd"/>
        <Attr Name="ImportTime" Val="1520466358"/>
        <Attr Name="UsedIn" Val="synthesis"/>
        <Attr Name="UsedIn" Val="simulation"/>
      </FileInfo>
    </File>
    <File Path="$PSRCDIR/sources_1/imports/hw4/hw4.srcs/sources_1/new/RAT_wrapper.vhd">
      <FileInfo>
        <Attr Name="ImportPath" Val="$PPRDIR/../../../hw4/hw4.srcs/sources_1/new/RAT_wrapper.vhd"/>
        <Attr Name="ImportTime" Val="1520271224"/>
        <Attr Name="UsedIn" Val="synthesis"/>
        <Attr Name="UsedIn" Val="simulation"/>
      </FileInfo>
    </File>
    <Config>
      <Option Name="DesignMode" Val="RTL"/>
      <Option Name="TopModule" Val="RAT_wrapper"/>
      <Option Name="TopAutoSet" Val="TRUE"/>
    </Config>
  </FileSet>
  <FileSet Name="constrs_in" Type="Constrs" RelSrcDir="$PSRCDIR/constrs_1">
    <Filter Type="Constrs"/>
    <File Path="$PSRCDIR/constrs_1/imports/new/Constraints.xdc">
      <FileInfo>
        <Attr Name="ImportPath" Val="$PPRDIR/../../../Rat5 Example/MCU/MCU.srcs/constrs_1/new/Constraints.xdc"/>
        <Attr Name="ImportTime" Val="1520443722"/>
        <Attr Name="UsedIn" Val="synthesis"/>
        <Attr Name="UsedIn" Val="implementation"/>
      </FileInfo>
    </File>
    <Config>
      <Option Name="ConstrsType" Val="XDC"/>
    </Config>
  </FileSet>
  <Strategy Version="1" Minor="2">
    <StratHandle Name="Vivado Implementation Defaults" Flow="Vivado Implementation 2017"/>
    <Step Id="init_design"/>
    <Step Id="opt_design"/>
    <Step Id="power_opt_design"/>
    <Step Id="place_design"/>
    <Step Id="post_place_power_opt_design"/>
    <Step Id="phys_opt_design"/>
    <Step Id="route_design"/>
    <Step Id="post_route_phys_opt_design"/>
    <Step Id="write_bitstream"/>
  </Strategy>
</GenRun>
